success,code,data,responseTimestamp
True,SUCCESS,"[{'entityName': 'maharashtra', 'metric': {'type': 'TOTAL', 'count': 39836, 'amount': 6879717.0}}, {'entityName': 'karnataka', 'metric': {'type': 'TOTAL', 'count': 27358, 'amount': 4794150.0}}, {'entityName': 'andhra pradesh', 'metric': {'type': 'TOTAL', 'count': 22104, 'amount': 3982391.0}}, {'entityName': 'telangana', 'metric': {'type': 'TOTAL', 'count': 19003, 'amount': 3419453.0}}, {'entityName': 'delhi', 'metric': {'type': 'TOTAL', 'count': 11716, 'amount': 1897480.0}}, {'entityName': 'uttar pradesh', 'metric': {'type': 'TOTAL', 'count': 9884, 'amount': 1912266.0}}, {'entityName': 'gujarat', 'metric': {'type': 'TOTAL', 'count': 7697, 'amount': 1430591.0}}, {'entityName': 'west bengal', 'metric': {'type': 'TOTAL', 'count': 7619, 'amount': 1432764.0}}, {'entityName': 'haryana', 'metric': {'type': 'TOTAL', 'count': 6321, 'amount': 1179814.0}}, {'entityName': 'madhya pradesh', 'metric': {'type': 'TOTAL', 'count': 6283, 'amount': 1198701.0}}]",1692610793302
True,SUCCESS,"[{'entityName': 'bengaluru urban', 'metric': {'type': 'TOTAL', 'count': 20040, 'amount': 3301769.0}}, {'entityName': 'pune', 'metric': {'type': 'TOTAL', 'count': 8699, 'amount': 1482628.0}}, {'entityName': 'thane', 'metric': {'type': 'TOTAL', 'count': 7559, 'amount': 1221018.0}}, {'entityName': 'mumbai suburban', 'metric': {'type': 'TOTAL', 'count': 5780, 'amount': 884439.0}}, {'entityName': 'hyderabad', 'metric': {'type': 'TOTAL', 'count': 4783, 'amount': 805518.0}}, {'entityName': 'rangareddy', 'metric': {'type': 'TOTAL', 'count': 4495, 'amount': 778492.0}}, {'entityName': 'medchal malkajgiri', 'metric': {'type': 'TOTAL', 'count': 4150, 'amount': 711890.0}}, {'entityName': 'visakhapatnam', 'metric': {'type': 'TOTAL', 'count': 3504, 'amount': 614212.0}}, {'entityName': 'aurangabad', 'metric': {'type': 'TOTAL', 'count': 2898, 'amount': 509460.0}}, {'entityName': 'anantapur', 'metric': {'type': 'TOTAL', 'count': 2739, 'amount': 485777.0}}]",1692610793302
True,SUCCESS,"[{'entityName': '560068', 'metric': {'type': 'TOTAL', 'count': 1076, 'amount': 168415.0}}, {'entityName': '560037', 'metric': {'type': 'TOTAL', 'count': 1034, 'amount': 155914.0}}, {'entityName': '110059', 'metric': {'type': 'TOTAL', 'count': 895, 'amount': 132104.0}}, {'entityName': '560076', 'metric': {'type': 'TOTAL', 'count': 802, 'amount': 124790.0}}, {'entityName': '500072', 'metric': {'type': 'TOTAL', 'count': 760, 'amount': 122394.0}}, {'entityName': '560078', 'metric': {'type': 'TOTAL', 'count': 742, 'amount': 119673.0}}, {'entityName': '421201', 'metric': {'type': 'TOTAL', 'count': 668, 'amount': 104388.0}}, {'entityName': '560100', 'metric': {'type': 'TOTAL', 'count': 651, 'amount': 103528.0}}, {'entityName': '431003', 'metric': {'type': 'TOTAL', 'count': 651, 'amount': 107122.0}}, {'entityName': '110092', 'metric': {'type': 'TOTAL', 'count': 638, 'amount': 94570.0}}]",1692610793302
True,SUCCESS,"[{'entityName': 'maharashtra', 'metric': {'type': 'TOTAL', 'count': 71662, 'amount': 19230156.0}}, {'entityName': 'karnataka', 'metric': {'type': 'TOTAL', 'count': 53701, 'amount': 12407394.0}}, {'entityName': 'andhra pradesh', 'metric': {'type': 'TOTAL', 'count': 49812, 'amount': 12426481.0}}, {'entityName': 'telangana', 'metric': {'type': 'TOTAL', 'count': 34395, 'amount': 8406543.0}}, {'entityName': 'uttar pradesh', 'metric': {'type': 'TOTAL', 'count': 18131, 'amount': 4436969.0}}, {'entityName': 'rajasthan', 'metric': {'type': 'TOTAL', 'count': 15235, 'amount': 3758527.0}}, {'entityName': 'madhya pradesh', 'metric': {'type': 'TOTAL', 'count': 14476, 'amount': 3496126.0}}, {'entityName': 'west bengal', 'metric': {'type': 'TOTAL', 'count': 12596, 'amount': 2878482.0}}, {'entityName': 'gujarat', 'metric': {'type': 'TOTAL', 'count': 12525, 'amount': 3335812.0}}, {'entityName': 'odisha', 'metric': {'type': 'TOTAL', 'count': 10955, 'amount': 2640191.0}}]",1692610844976
True,SUCCESS,"[{'entityName': 'bengaluru urban', 'metric': {'type': 'TOTAL', 'count': 32192, 'amount': 6940765.0}}, {'entityName': 'pune', 'metric': {'type': 'TOTAL', 'count': 18176, 'amount': 4567561.0}}, {'entityName': 'visakhapatnam', 'metric': {'type': 'TOTAL', 'count': 7906, 'amount': 1892376.0}}, {'entityName': 'thane', 'metric': {'type': 'TOTAL', 'count': 6951, 'amount': 1718946.0}}, {'entityName': 'rangareddy', 'metric': {'type': 'TOTAL', 'count': 6340, 'amount': 1509162.0}}, {'entityName': 'hyderabad', 'metric': {'type': 'TOTAL', 'count': 6331, 'amount': 1397580.0}}, {'entityName': 'medchal malkajgiri', 'metric': {'type': 'TOTAL', 'count': 5929, 'amount': 1415970.0}}, {'entityName': 'nashik', 'metric': {'type': 'TOTAL', 'count': 5564, 'amount': 1418697.0}}, {'entityName': 'spsr nellore', 'metric': {'type': 'TOTAL', 'count': 5509, 'amount': 1259159.0}}, {'entityName': 'krishna', 'metric': {'type': 'TOTAL', 'count': 4519, 'amount': 1093882.0}}]",1692610844976
True,SUCCESS,"[{'entityName': '560068', 'metric': {'type': 'TOTAL', 'count': 1603, 'amount': 340876.0}}, {'entityName': '560076', 'metric': {'type': 'TOTAL', 'count': 1148, 'amount': 250474.0}}, {'entityName': '560078', 'metric': {'type': 'TOTAL', 'count': 1124, 'amount': 243443.0}}, {'entityName': '500072', 'metric': {'type': 'TOTAL', 'count': 1103, 'amount': 243812.0}}, {'entityName': '410501', 'metric': {'type': 'TOTAL', 'count': 1067, 'amount': 278535.0}}, {'entityName': '345021', 'metric': {'type': 'TOTAL', 'count': 1003, 'amount': 203794.0}}, {'entityName': '535003', 'metric': {'type': 'TOTAL', 'count': 968, 'amount': 195870.0}}, {'entityName': '431003', 'metric': {'type': 'TOTAL', 'count': 926, 'amount': 209817.0}}, {'entityName': '560037', 'metric': {'type': 'TOTAL', 'count': 923, 'amount': 202431.0}}, {'entityName': '560079', 'metric': {'type': 'TOTAL', 'count': 904, 'amount': 183362.0}}]",1692610844976
True,SUCCESS,"[{'entityName': 'maharashtra', 'metric': {'type': 'TOTAL', 'count': 44798, 'amount': 27113814.0}}, {'entityName': 'karnataka', 'metric': {'type': 'TOTAL', 'count': 31747, 'amount': 26814968.0}}, {'entityName': 'andhra pradesh', 'metric': {'type': 'TOTAL', 'count': 21464, 'amount': 12985632.0}}, {'entityName': 'telangana', 'metric': {'type': 'TOTAL', 'count': 20961, 'amount': 11339099.0}}, {'entityName': 'uttar pradesh', 'metric': {'type': 'TOTAL', 'count': 17470, 'amount': 14180416.999999998}}, {'entityName': 'rajasthan', 'metric': {'type': 'TOTAL', 'count': 12509, 'amount': 6471573.0}}, {'entityName': 'madhya pradesh', 'metric': {'type': 'TOTAL', 'count': 10653, 'amount': 4897124.0}}, {'entityName': 'tamil nadu', 'metric': {'type': 'TOTAL', 'count': 10290, 'amount': 8993575.0}}, {'entityName': 'west bengal', 'metric': {'type': 'TOTAL', 'count': 10233, 'amount': 7510455.0}}, {'entityName': 'gujarat', 'metric': {'type': 'TOTAL', 'count': 9990, 'amount': 6055037.0}}]",1692610898023
True,SUCCESS,"[{'entityName': 'bengaluru urban', 'metric': {'type': 'TOTAL', 'count': 18485, 'amount': 15922383.0}}, {'entityName': 'pune', 'metric': {'type': 'TOTAL', 'count': 8211, 'amount': 4862704.0}}, {'entityName': 'thane', 'metric': {'type': 'TOTAL', 'count': 5939, 'amount': 4405413.0}}, {'entityName': 'mumbai suburban', 'metric': {'type': 'TOTAL', 'count': 4631, 'amount': 3301120.0}}, {'entityName': 'hyderabad', 'metric': {'type': 'TOTAL', 'count': 3682, 'amount': 1892565.0}}, {'entityName': 'rangareddy', 'metric': {'type': 'TOTAL', 'count': 3486, 'amount': 2124943.0}}, {'entityName': 'visakhapatnam', 'metric': {'type': 'TOTAL', 'count': 3464, 'amount': 2203761.0}}, {'entityName': 'jaipur', 'metric': {'type': 'TOTAL', 'count': 3318, 'amount': 1641429.0}}, {'entityName': 'medchal malkajgiri', 'metric': {'type': 'TOTAL', 'count': 3298, 'amount': 2034226.0}}, {'entityName': 'nashik', 'metric': {'type': 'TOTAL', 'count': 2903, 'amount': 1492155.0}}]",1692610898023
True,SUCCESS,"[{'entityName': '560068', 'metric': {'type': 'TOTAL', 'count': 849, 'amount': 653177.0}}, {'entityName': '421302', 'metric': {'type': 'TOTAL', 'count': 609, 'amount': 459248.0}}, {'entityName': '560079', 'metric': {'type': 'TOTAL', 'count': 565, 'amount': 461758.0}}, {'entityName': '500072', 'metric': {'type': 'TOTAL', 'count': 554, 'amount': 307425.0}}, {'entityName': '560078', 'metric': {'type': 'TOTAL', 'count': 536, 'amount': 398681.0}}, {'entityName': '560076', 'metric': {'type': 'TOTAL', 'count': 525, 'amount': 495928.0}}, {'entityName': '560037', 'metric': {'type': 'TOTAL', 'count': 511, 'amount': 384244.0}}, {'entityName': '201301', 'metric': {'type': 'TOTAL', 'count': 496, 'amount': 320628.0}}, {'entityName': '560043', 'metric': {'type': 'TOTAL', 'count': 495, 'amount': 437875.0}}, {'entityName': '421201', 'metric': {'type': 'TOTAL', 'count': 465, 'amount': 347630.0}}]",1692610898023
True,SUCCESS,"[{'entityName': 'maharashtra', 'metric': {'type': 'TOTAL', 'count': 55792, 'amount': 33137753.0}}, {'entityName': 'karnataka', 'metric': {'type': 'TOTAL', 'count': 37595, 'amount': 30183325.0}}, {'entityName': 'telangana', 'metric': {'type': 'TOTAL', 'count': 28298, 'amount': 14810946.999999998}}, {'entityName': 'uttar pradesh', 'metric': {'type': 'TOTAL', 'count': 24103, 'amount': 18027573.0}}, {'entityName': 'andhra pradesh', 'metric': {'type': 'TOTAL', 'count': 22105, 'amount': 12749874.000000002}}, {'entityName': 'rajasthan', 'metric': {'type': 'TOTAL', 'count': 17800, 'amount': 8074225.0}}, {'entityName': 'west bengal', 'metric': {'type': 'TOTAL', 'count': 15488, 'amount': 11172042.0}}, {'entityName': 'madhya pradesh', 'metric': {'type': 'TOTAL', 'count': 14427, 'amount': 5567927.0}}, {'entityName': 'tamil nadu', 'metric': {'type': 'TOTAL', 'count': 14406, 'amount': 11180849.0}}, {'entityName': 'delhi', 'metric': {'type': 'TOTAL', 'count': 12822, 'amount': 9655261.0}}]",1692610949866
True,SUCCESS,"[{'entityName': 'bengaluru urban', 'metric': {'type': 'TOTAL', 'count': 21606, 'amount': 17636524.0}}, {'entityName': 'pune', 'metric': {'type': 'TOTAL', 'count': 10913, 'amount': 6482027.0}}, {'entityName': 'thane', 'metric': {'type': 'TOTAL', 'count': 6971, 'amount': 4869909.0}}, {'entityName': 'mumbai suburban', 'metric': {'type': 'TOTAL', 'count': 5505, 'amount': 3893302.0}}, {'entityName': 'hyderabad', 'metric': {'type': 'TOTAL', 'count': 5067, 'amount': 2446647.0}}, {'entityName': 'rangareddy', 'metric': {'type': 'TOTAL', 'count': 4821, 'amount': 2864273.0}}, {'entityName': 'jaipur', 'metric': {'type': 'TOTAL', 'count': 4630, 'amount': 2056318.0}}, {'entityName': 'medchal malkajgiri', 'metric': {'type': 'TOTAL', 'count': 4375, 'amount': 2393448.0}}, {'entityName': 'visakhapatnam', 'metric': {'type': 'TOTAL', 'count': 4006, 'amount': 2403199.0}}, {'entityName': 'kolkata', 'metric': {'type': 'TOTAL', 'count': 3750, 'amount': 2611912.0}}]",1692610949866
True,SUCCESS,"[{'entityName': '560068', 'metric': {'type': 'TOTAL', 'count': 870, 'amount': 614123.0}}, {'entityName': '421302', 'metric': {'type': 'TOTAL', 'count': 802, 'amount': 538000.0}}, {'entityName': '700046', 'metric': {'type': 'TOTAL', 'count': 750, 'amount': 471141.0}}, {'entityName': '201301', 'metric': {'type': 'TOTAL', 'count': 697, 'amount': 383781.0}}, {'entityName': '560043', 'metric': {'type': 'TOTAL', 'count': 682, 'amount': 549677.0}}, {'entityName': '500072', 'metric': {'type': 'TOTAL', 'count': 677, 'amount': 374999.0}}, {'entityName': '560078', 'metric': {'type': 'TOTAL', 'count': 658, 'amount': 521459.0}}, {'entityName': '410501', 'metric': {'type': 'TOTAL', 'count': 649, 'amount': 265413.0}}, {'entityName': '560091', 'metric': {'type': 'TOTAL', 'count': 648, 'amount': 492850.0}}, {'entityName': '110059', 'metric': {'type': 'TOTAL', 'count': 632, 'amount': 446103.0}}]",1692610949866
True,SUCCESS,"[{'entityName': 'maharashtra', 'metric': {'type': 'TOTAL', 'count': 70381, 'amount': 46763103.0}}, {'entityName': 'karnataka', 'metric': {'type': 'TOTAL', 'count': 40969, 'amount': 39501006.0}}, {'entityName': 'andhra pradesh', 'metric': {'type': 'TOTAL', 'count': 33205, 'amount': 22730687.0}}, {'entityName': 'telangana', 'metric': {'type': 'TOTAL', 'count': 28870, 'amount': 20935651.0}}, {'entityName': 'uttar pradesh', 'metric': {'type': 'TOTAL', 'count': 25952, 'amount': 25137571.0}}, {'entityName': 'rajasthan', 'metric': {'type': 'TOTAL', 'count': 18281, 'amount': 14357445.0}}, {'entityName': 'tamil nadu', 'metric': {'type': 'TOTAL', 'count': 17682, 'amount': 16444344.0}}, {'entityName': 'west bengal', 'metric': {'type': 'TOTAL', 'count': 15200, 'amount': 12396029.0}}, {'entityName': 'madhya pradesh', 'metric': {'type': 'TOTAL', 'count': 14803, 'amount': 9787391.0}}, {'entityName': 'gujarat', 'metric': {'type': 'TOTAL', 'count': 14676, 'amount': 10263998.0}}]",1692611001790
True,SUCCESS,"[{'entityName': 'bengaluru urban', 'metric': {'type': 'TOTAL', 'count': 21918, 'amount': 19572756.0}}, {'entityName': 'pune', 'metric': {'type': 'TOTAL', 'count': 14949, 'amount': 9422249.0}}, {'entityName': 'thane', 'metric': {'type': 'TOTAL', 'count': 7446, 'amount': 5734857.0}}, {'entityName': 'rangareddy', 'metric': {'type': 'TOTAL', 'count': 5618, 'amount': 4515303.0}}, {'entityName': 'hyderabad', 'metric': {'type': 'TOTAL', 'count': 5616, 'amount': 3945773.0}}, {'entityName': 'prakasam', 'metric': {'type': 'TOTAL', 'count': 5308, 'amount': 2719134.0}}, {'entityName': 'mumbai suburban', 'metric': {'type': 'TOTAL', 'count': 5293, 'amount': 3659655.0}}, {'entityName': 'medchal malkajgiri', 'metric': {'type': 'TOTAL', 'count': 5094, 'amount': 3743459.0}}, {'entityName': 'visakhapatnam', 'metric': {'type': 'TOTAL', 'count': 4655, 'amount': 3497573.0}}, {'entityName': 'nashik', 'metric': {'type': 'TOTAL', 'count': 4607, 'amount': 2827696.0}}]",1692611001790
True,SUCCESS,"[{'entityName': '523002', 'metric': {'type': 'TOTAL', 'count': 1409, 'amount': 631953.0}}, {'entityName': '110042', 'metric': {'type': 'TOTAL', 'count': 1036, 'amount': 537398.0}}, {'entityName': '560068', 'metric': {'type': 'TOTAL', 'count': 982, 'amount': 719927.0}}, {'entityName': '410501', 'metric': {'type': 'TOTAL', 'count': 948, 'amount': 578550.0}}, {'entityName': '500072', 'metric': {'type': 'TOTAL', 'count': 915, 'amount': 574372.0}}, {'entityName': '421302', 'metric': {'type': 'TOTAL', 'count': 783, 'amount': 586297.0}}, {'entityName': '712138', 'metric': {'type': 'TOTAL', 'count': 724, 'amount': 263805.0}}, {'entityName': '411033', 'metric': {'type': 'TOTAL', 'count': 722, 'amount': 405598.0}}, {'entityName': '560076', 'metric': {'type': 'TOTAL', 'count': 719, 'amount': 556220.0}}, {'entityName': '412105', 'metric': {'type': 'TOTAL', 'count': 713, 'amount': 452166.0}}]",1692611001790
True,SUCCESS,"[{'entityName': 'maharashtra', 'metric': {'type': 'TOTAL', 'count': 52268, 'amount': 41313307.0}}, {'entityName': 'karnataka', 'metric': {'type': 'TOTAL', 'count': 47468, 'amount': 48078366.0}}, {'entityName': 'uttar pradesh', 'metric': {'type': 'TOTAL', 'count': 32799, 'amount': 32641118.000000004}}, {'entityName': 'telangana', 'metric': {'type': 'TOTAL', 'count': 27080, 'amount': 20925217.0}}, {'entityName': 'west bengal', 'metric': {'type': 'TOTAL', 'count': 24839, 'amount': 21424336.999999996}}, {'entityName': 'tamil nadu', 'metric': {'type': 'TOTAL', 'count': 23107, 'amount': 23402918.0}}, {'entityName': 'andhra pradesh', 'metric': {'type': 'TOTAL', 'count': 23075, 'amount': 19914337.999999996}}, {'entityName': 'bihar', 'metric': {'type': 'TOTAL', 'count': 18030, 'amount': 18234941.0}}, {'entityName': 'delhi', 'metric': {'type': 'TOTAL', 'count': 16679, 'amount': 15007079.000000002}}, {'entityName': 'rajasthan', 'metric': {'type': 'TOTAL', 'count': 16643, 'amount': 12793862.0}}]",1692611054150
True,SUCCESS,"[{'entityName': 'bengaluru urban', 'metric': {'type': 'TOTAL', 'count': 27498, 'amount': 26210017.0}}, {'entityName': 'pune', 'metric': {'type': 'TOTAL', 'count': 9943, 'amount': 8127896.0}}, {'entityName': 'thane', 'metric': {'type': 'TOTAL', 'count': 7829, 'amount': 6194341.0}}, {'entityName': 'mumbai suburban', 'metric': {'type': 'TOTAL', 'count': 5520, 'amount': 4552921.0}}, {'entityName': 'hyderabad', 'metric': {'type': 'TOTAL', 'count': 5201, 'amount': 3813732.0}}, {'entityName': 'rangareddy', 'metric': {'type': 'TOTAL', 'count': 5064, 'amount': 4209112.0}}, {'entityName': 'medchal malkajgiri', 'metric': {'type': 'TOTAL', 'count': 4896, 'amount': 3968450.0}}, {'entityName': 'kolkata', 'metric': {'type': 'TOTAL', 'count': 4808, 'amount': 3468389.0}}, {'entityName': 'gurugram', 'metric': {'type': 'TOTAL', 'count': 4501, 'amount': 3651728.0}}, {'entityName': 'chennai', 'metric': {'type': 'TOTAL', 'count': 4367, 'amount': 3861435.0}}]",1692611054150
True,SUCCESS,"[{'entityName': '712138', 'metric': {'type': 'TOTAL', 'count': 1350, 'amount': 480755.0}}, {'entityName': '421301', 'metric': {'type': 'TOTAL', 'count': 1176, 'amount': 670772.0}}, {'entityName': '560068', 'metric': {'type': 'TOTAL', 'count': 1126, 'amount': 984821.0}}, {'entityName': '421302', 'metric': {'type': 'TOTAL', 'count': 1001, 'amount': 736789.0}}, {'entityName': '122001', 'metric': {'type': 'TOTAL', 'count': 866, 'amount': 704138.0}}, {'entityName': '201301', 'metric': {'type': 'TOTAL', 'count': 846, 'amount': 600065.0}}, {'entityName': '560058', 'metric': {'type': 'TOTAL', 'count': 841, 'amount': 725815.0}}, {'entityName': '122006', 'metric': {'type': 'TOTAL', 'count': 806, 'amount': 481888.0}}, {'entityName': '500072', 'metric': {'type': 'TOTAL', 'count': 803, 'amount': 638626.0}}, {'entityName': '560043', 'metric': {'type': 'TOTAL', 'count': 800, 'amount': 743863.0}}]",1692611054150
True,SUCCESS,"[{'entityName': 'maharashtra', 'metric': {'type': 'TOTAL', 'count': 82423, 'amount': 93262227.0}}, {'entityName': 'karnataka', 'metric': {'type': 'TOTAL', 'count': 74436, 'amount': 90723288.0}}, {'entityName': 'uttar pradesh', 'metric': {'type': 'TOTAL', 'count': 44132, 'amount': 59654951.0}}, {'entityName': 'telangana', 'metric': {'type': 'TOTAL', 'count': 34848, 'amount': 38845492.0}}, {'entityName': 'delhi', 'metric': {'type': 'TOTAL', 'count': 34251, 'amount': 36578331.0}}, {'entityName': 'tamil nadu', 'metric': {'type': 'TOTAL', 'count': 33037, 'amount': 42184290.00000001}}, {'entityName': 'west bengal', 'metric': {'type': 'TOTAL', 'count': 26320, 'amount': 31282871.0}}, {'entityName': 'andhra pradesh', 'metric': {'type': 'TOTAL', 'count': 25423, 'amount': 31610335.0}}, {'entityName': 'bihar', 'metric': {'type': 'TOTAL', 'count': 22456, 'amount': 27313812.999999996}}, {'entityName': 'haryana', 'metric': {'type': 'TOTAL', 'count': 19489, 'amount': 25885838.0}}]",1692611105644
True,SUCCESS,"[{'entityName': 'bengaluru urban', 'metric': {'type': 'TOTAL', 'count': 44650, 'amount': 50064816.0}}, {'entityName': 'pune', 'metric': {'type': 'TOTAL', 'count': 16039, 'amount': 18693479.0}}, {'entityName': 'thane', 'metric': {'type': 'TOTAL', 'count': 13362, 'amount': 13856390.0}}, {'entityName': 'mumbai suburban', 'metric': {'type': 'TOTAL', 'count': 9319, 'amount': 9168680.0}}, {'entityName': 'hyderabad', 'metric': {'type': 'TOTAL', 'count': 7016, 'amount': 7001072.0}}, {'entityName': 'rangareddy', 'metric': {'type': 'TOTAL', 'count': 6835, 'amount': 7932450.0}}, {'entityName': 'medchal malkajgiri', 'metric': {'type': 'TOTAL', 'count': 6553, 'amount': 7341035.0}}, {'entityName': 'gurugram', 'metric': {'type': 'TOTAL', 'count': 5951, 'amount': 6492219.0}}, {'entityName': 'chennai', 'metric': {'type': 'TOTAL', 'count': 5769, 'amount': 6143037.0}}, {'entityName': 'jaipur', 'metric': {'type': 'TOTAL', 'count': 5571, 'amount': 6278712.0}}]",1692611105644
True,SUCCESS,"[{'entityName': '560068', 'metric': {'type': 'TOTAL', 'count': 1839, 'amount': 1905289.0}}, {'entityName': '110059', 'metric': {'type': 'TOTAL', 'count': 1509, 'amount': 1603319.0}}, {'entityName': '421301', 'metric': {'type': 'TOTAL', 'count': 1473, 'amount': 1157196.0}}, {'entityName': '421302', 'metric': {'type': 'TOTAL', 'count': 1471, 'amount': 1338786.0}}, {'entityName': '560078', 'metric': {'type': 'TOTAL', 'count': 1372, 'amount': 1472700.0}}, {'entityName': '560076', 'metric': {'type': 'TOTAL', 'count': 1308, 'amount': 1508537.0}}, {'entityName': '560043', 'metric': {'type': 'TOTAL', 'count': 1285, 'amount': 1483440.0}}, {'entityName': '560058', 'metric': {'type': 'TOTAL', 'count': 1237, 'amount': 1231686.0}}, {'entityName': '110086', 'metric': {'type': 'TOTAL', 'count': 1220, 'amount': 1265728.0}}, {'entityName': '560091', 'metric': {'type': 'TOTAL', 'count': 1201, 'amount': 1265605.0}}]",1692611105644
True,SUCCESS,"[{'entityName': 'karnataka', 'metric': {'type': 'TOTAL', 'count': 95640, 'amount': 130733580.0}}, {'entityName': 'maharashtra', 'metric': {'type': 'TOTAL', 'count': 88015, 'amount': 117411928.0}}, {'entityName': 'tamil nadu', 'metric': {'type': 'TOTAL', 'count': 47621, 'amount': 64969045.0}}, {'entityName': 'uttar pradesh', 'metric': {'type': 'TOTAL', 'count': 45996, 'amount': 73014969.0}}, {'entityName': 'west bengal', 'metric': {'type': 'TOTAL', 'count': 38779, 'amount': 51160527.0}}, {'entityName': 'kerala', 'metric': {'type': 'TOTAL', 'count': 37110, 'amount': 64172190.0}}, {'entityName': 'telangana', 'metric': {'type': 'TOTAL', 'count': 36325, 'amount': 51942016.00000001}}, {'entityName': 'andhra pradesh', 'metric': {'type': 'TOTAL', 'count': 29954, 'amount': 42648157.0}}, {'entityName': 'delhi', 'metric': {'type': 'TOTAL', 'count': 28232, 'amount': 35442069.0}}, {'entityName': 'haryana', 'metric': {'type': 'TOTAL', 'count': 22783, 'amount': 32526943.0}}]",1692611157152
True,SUCCESS,"[{'entityName': 'bengaluru urban', 'metric': {'type': 'TOTAL', 'count': 57549, 'amount': 71700148.0}}, {'entityName': 'pune', 'metric': {'type': 'TOTAL', 'count': 17790, 'amount': 24312875.0}}, {'entityName': 'thane', 'metric': {'type': 'TOTAL', 'count': 14272, 'amount': 16536659.0}}, {'entityName': 'mumbai suburban', 'metric': {'type': 'TOTAL', 'count': 10457, 'amount': 11756037.0}}, {'entityName': 'chennai', 'metric': {'type': 'TOTAL', 'count': 9138, 'amount': 9949256.0}}, {'entityName': 'hyderabad', 'metric': {'type': 'TOTAL', 'count': 7434, 'amount': 9813417.0}}, {'entityName': 'medchal malkajgiri', 'metric': {'type': 'TOTAL', 'count': 7300, 'amount': 10383529.0}}, {'entityName': 'rangareddy', 'metric': {'type': 'TOTAL', 'count': 7261, 'amount': 10851640.0}}, {'entityName': 'kolkata', 'metric': {'type': 'TOTAL', 'count': 6763, 'amount': 7736401.0}}, {'entityName': 'gurugram', 'metric': {'type': 'TOTAL', 'count': 6642, 'amount': 8138262.0}}]",1692611157152
True,SUCCESS,"[{'entityName': '560068', 'metric': {'type': 'TOTAL', 'count': 2349, 'amount': 2922542.0}}, {'entityName': '560076', 'metric': {'type': 'TOTAL', 'count': 1718, 'amount': 2181826.0}}, {'entityName': '560043', 'metric': {'type': 'TOTAL', 'count': 1713, 'amount': 2402868.0}}, {'entityName': '560058', 'metric': {'type': 'TOTAL', 'count': 1699, 'amount': 1800069.0}}, {'entityName': '421302', 'metric': {'type': 'TOTAL', 'count': 1673, 'amount': 1688051.0}}, {'entityName': '560078', 'metric': {'type': 'TOTAL', 'count': 1671, 'amount': 1970551.0}}, {'entityName': '560091', 'metric': {'type': 'TOTAL', 'count': 1656, 'amount': 2065687.0}}, {'entityName': '110059', 'metric': {'type': 'TOTAL', 'count': 1416, 'amount': 1666849.0}}, {'entityName': '560079', 'metric': {'type': 'TOTAL', 'count': 1358, 'amount': 1534187.0}}, {'entityName': '560064', 'metric': {'type': 'TOTAL', 'count': 1288, 'amount': 1709573.0}}]",1692611157152
True,SUCCESS,"[{'entityName': 'karnataka', 'metric': {'type': 'TOTAL', 'count': 93385, 'amount': 123228632.0}}, {'entityName': 'maharashtra', 'metric': {'type': 'TOTAL', 'count': 80935, 'amount': 104603934.00000001}}, {'entityName': 'uttar pradesh', 'metric': {'type': 'TOTAL', 'count': 55133, 'amount': 77434953.0}}, {'entityName': 'tamil nadu', 'metric': {'type': 'TOTAL', 'count': 46714, 'amount': 61835120.0}}, {'entityName': 'telangana', 'metric': {'type': 'TOTAL', 'count': 45600, 'amount': 58056956.0}}, {'entityName': 'kerala', 'metric': {'type': 'TOTAL', 'count': 35667, 'amount': 59920203.0}}, {'entityName': 'west bengal', 'metric': {'type': 'TOTAL', 'count': 33542, 'amount': 41737021.0}}, {'entityName': 'andhra pradesh', 'metric': {'type': 'TOTAL', 'count': 32185, 'amount': 41708071.99999999}}, {'entityName': 'delhi', 'metric': {'type': 'TOTAL', 'count': 26378, 'amount': 31787281.0}}, {'entityName': 'gujarat', 'metric': {'type': 'TOTAL', 'count': 25381, 'amount': 32090964.999999996}}]",1692611208619
True,SUCCESS,"[{'entityName': 'bengaluru urban', 'metric': {'type': 'TOTAL', 'count': 57934, 'amount': 69731242.0}}, {'entityName': 'pune', 'metric': {'type': 'TOTAL', 'count': 18712, 'amount': 24072589.0}}, {'entityName': 'thane', 'metric': {'type': 'TOTAL', 'count': 12306, 'amount': 14514282.0}}, {'entityName': 'rangareddy', 'metric': {'type': 'TOTAL', 'count': 10065, 'amount': 13653366.999999998}}, {'entityName': 'mumbai suburban', 'metric': {'type': 'TOTAL', 'count': 9944, 'amount': 10743651.0}}, {'entityName': 'hyderabad', 'metric': {'type': 'TOTAL', 'count': 9542, 'amount': 11365866.0}}, {'entityName': 'chennai', 'metric': {'type': 'TOTAL', 'count': 8966, 'amount': 9428379.0}}, {'entityName': 'medchal malkajgiri', 'metric': {'type': 'TOTAL', 'count': 8919, 'amount': 11248856.0}}, {'entityName': 'jaipur', 'metric': {'type': 'TOTAL', 'count': 7224, 'amount': 9069667.0}}, {'entityName': 'ahmadabad', 'metric': {'type': 'TOTAL', 'count': 6962, 'amount': 8565312.0}}]",1692611208619
True,SUCCESS,"[{'entityName': '560068', 'metric': {'type': 'TOTAL', 'count': 2692, 'amount': 3077564.0}}, {'entityName': '560037', 'metric': {'type': 'TOTAL', 'count': 1860, 'amount': 2052163.0}}, {'entityName': '560078', 'metric': {'type': 'TOTAL', 'count': 1844, 'amount': 2105323.0}}, {'entityName': '560076', 'metric': {'type': 'TOTAL', 'count': 1835, 'amount': 2129897.0}}, {'entityName': '500072', 'metric': {'type': 'TOTAL', 'count': 1794, 'amount': 2115388.0}}, {'entityName': '560043', 'metric': {'type': 'TOTAL', 'count': 1755, 'amount': 2171198.0}}, {'entityName': '560091', 'metric': {'type': 'TOTAL', 'count': 1405, 'amount': 1565112.0}}, {'entityName': '560100', 'metric': {'type': 'TOTAL', 'count': 1389, 'amount': 1710571.0}}, {'entityName': '201301', 'metric': {'type': 'TOTAL', 'count': 1312, 'amount': 1413747.0}}, {'entityName': '203001', 'metric': {'type': 'TOTAL', 'count': 1297, 'amount': 774861.0}}]",1692611208619
True,SUCCESS,"[{'entityName': 'karnataka', 'metric': {'type': 'TOTAL', 'count': 110273, 'amount': 144605784.0}}, {'entityName': 'maharashtra', 'metric': {'type': 'TOTAL', 'count': 90958, 'amount': 113835208.0}}, {'entityName': 'uttar pradesh', 'metric': {'type': 'TOTAL', 'count': 64514, 'amount': 87703512.0}}, {'entityName': 'tamil nadu', 'metric': {'type': 'TOTAL', 'count': 64356, 'amount': 79747520.0}}, {'entityName': 'kerala', 'metric': {'type': 'TOTAL', 'count': 54587, 'amount': 85390924.0}}, {'entityName': 'telangana', 'metric': {'type': 'TOTAL', 'count': 51465, 'amount': 64798126.0}}, {'entityName': 'west bengal', 'metric': {'type': 'TOTAL', 'count': 47853, 'amount': 59092307.0}}, {'entityName': 'andhra pradesh', 'metric': {'type': 'TOTAL', 'count': 39301, 'amount': 48791931.0}}, {'entityName': 'delhi', 'metric': {'type': 'TOTAL', 'count': 35944, 'amount': 41570159.99999999}}, {'entityName': 'haryana', 'metric': {'type': 'TOTAL', 'count': 35346, 'amount': 45402800.0}}]",1692611260050
True,SUCCESS,"[{'entityName': 'bengaluru urban', 'metric': {'type': 'TOTAL', 'count': 64593, 'amount': 79303480.0}}, {'entityName': 'pune', 'metric': {'type': 'TOTAL', 'count': 19899, 'amount': 24823260.0}}, {'entityName': 'thane', 'metric': {'type': 'TOTAL', 'count': 13402, 'amount': 15693837.0}}, {'entityName': 'chennai', 'metric': {'type': 'TOTAL', 'count': 12059, 'amount': 12069618.0}}, {'entityName': 'rangareddy', 'metric': {'type': 'TOTAL', 'count': 11801, 'amount': 15523643.0}}, {'entityName': 'mumbai suburban', 'metric': {'type': 'TOTAL', 'count': 11136, 'amount': 11840245.0}}, {'entityName': 'hyderabad', 'metric': {'type': 'TOTAL', 'count': 10560, 'amount': 12374531.0}}, {'entityName': 'medchal malkajgiri', 'metric': {'type': 'TOTAL', 'count': 10158, 'amount': 12806190.0}}, {'entityName': 'gurugram', 'metric': {'type': 'TOTAL', 'count': 10085, 'amount': 10744733.0}}, {'entityName': 'jaipur', 'metric': {'type': 'TOTAL', 'count': 9778, 'amount': 11871696.0}}]",1692611260050
True,SUCCESS,"[{'entityName': '560068', 'metric': {'type': 'TOTAL', 'count': 2861, 'amount': 3528404.0}}, {'entityName': '500072', 'metric': {'type': 'TOTAL', 'count': 2176, 'amount': 2594114.0}}, {'entityName': '560037', 'metric': {'type': 'TOTAL', 'count': 2120, 'amount': 2606805.0}}, {'entityName': '560043', 'metric': {'type': 'TOTAL', 'count': 2030, 'amount': 2571392.0}}, {'entityName': '560076', 'metric': {'type': 'TOTAL', 'count': 1945, 'amount': 2478555.0}}, {'entityName': '122001', 'metric': {'type': 'TOTAL', 'count': 1932, 'amount': 1913882.0}}, {'entityName': '560078', 'metric': {'type': 'TOTAL', 'count': 1912, 'amount': 2228186.0}}, {'entityName': '201301', 'metric': {'type': 'TOTAL', 'count': 1886, 'amount': 1908594.0}}, {'entityName': '560058', 'metric': {'type': 'TOTAL', 'count': 1610, 'amount': 1917287.0}}, {'entityName': '560091', 'metric': {'type': 'TOTAL', 'count': 1561, 'amount': 1858018.0}}]",1692611260050
True,SUCCESS,"[{'entityName': 'karnataka', 'metric': {'type': 'TOTAL', 'count': 133971, 'amount': 185063287.0}}, {'entityName': 'maharashtra', 'metric': {'type': 'TOTAL', 'count': 125900, 'amount': 174915648.0}}, {'entityName': 'tamil nadu', 'metric': {'type': 'TOTAL', 'count': 125491, 'amount': 146457790.0}}, {'entityName': 'uttar pradesh', 'metric': {'type': 'TOTAL', 'count': 77022, 'amount': 116755813.0}}, {'entityName': 'kerala', 'metric': {'type': 'TOTAL', 'count': 65563, 'amount': 103982997.0}}, {'entityName': 'telangana', 'metric': {'type': 'TOTAL', 'count': 64655, 'amount': 88544126.99999999}}, {'entityName': 'west bengal', 'metric': {'type': 'TOTAL', 'count': 54277, 'amount': 70466433.0}}, {'entityName': 'delhi', 'metric': {'type': 'TOTAL', 'count': 48908, 'amount': 60603173.0}}, {'entityName': 'andhra pradesh', 'metric': {'type': 'TOTAL', 'count': 44329, 'amount': 58043239.0}}, {'entityName': 'rajasthan', 'metric': {'type': 'TOTAL', 'count': 40926, 'amount': 60792838.0}}]",1692611311813
True,SUCCESS,"[{'entityName': 'bengaluru urban', 'metric': {'type': 'TOTAL', 'count': 78817, 'amount': 101938016.00000001}}, {'entityName': 'pune', 'metric': {'type': 'TOTAL', 'count': 27018, 'amount': 38292195.0}}, {'entityName': 'chennai', 'metric': {'type': 'TOTAL', 'count': 21588, 'amount': 21184965.0}}, {'entityName': 'thane', 'metric': {'type': 'TOTAL', 'count': 20282, 'amount': 24614041.000000004}}, {'entityName': 'mumbai suburban', 'metric': {'type': 'TOTAL', 'count': 16192, 'amount': 18884324.0}}, {'entityName': 'rangareddy', 'metric': {'type': 'TOTAL', 'count': 15005, 'amount': 21565381.0}}, {'entityName': 'thiruvallur', 'metric': {'type': 'TOTAL', 'count': 14602, 'amount': 15650997.0}}, {'entityName': 'medchal malkajgiri', 'metric': {'type': 'TOTAL', 'count': 12852, 'amount': 17986714.0}}, {'entityName': 'hyderabad', 'metric': {'type': 'TOTAL', 'count': 12819, 'amount': 15945642.0}}, {'entityName': 'coimbatore', 'metric': {'type': 'TOTAL', 'count': 12780, 'amount': 15595276.0}}]",1692611311813
True,SUCCESS,"[{'entityName': '560068', 'metric': {'type': 'TOTAL', 'count': 3419, 'amount': 4310528.0}}, {'entityName': '500072', 'metric': {'type': 'TOTAL', 'count': 2486, 'amount': 3151661.0}}, {'entityName': '560043', 'metric': {'type': 'TOTAL', 'count': 2468, 'amount': 3499600.0}}, {'entityName': '560037', 'metric': {'type': 'TOTAL', 'count': 2424, 'amount': 3146560.0}}, {'entityName': '560076', 'metric': {'type': 'TOTAL', 'count': 2391, 'amount': 3129589.0}}, {'entityName': '560078', 'metric': {'type': 'TOTAL', 'count': 2388, 'amount': 3105356.0}}, {'entityName': '201301', 'metric': {'type': 'TOTAL', 'count': 2193, 'amount': 2399892.0}}, {'entityName': '421302', 'metric': {'type': 'TOTAL', 'count': 2085, 'amount': 2245940.0}}, {'entityName': '122001', 'metric': {'type': 'TOTAL', 'count': 2037, 'amount': 2580157.0}}, {'entityName': '560058', 'metric': {'type': 'TOTAL', 'count': 1998, 'amount': 2274976.0}}]",1692611311813
True,SUCCESS,"[{'entityName': 'karnataka', 'metric': {'type': 'TOTAL', 'count': 127376, 'amount': 186543426.0}}, {'entityName': 'maharashtra', 'metric': {'type': 'TOTAL', 'count': 112174, 'amount': 166596248.0}}, {'entityName': 'tamil nadu', 'metric': {'type': 'TOTAL', 'count': 90690, 'amount': 116710222.00000001}}, {'entityName': 'uttar pradesh', 'metric': {'type': 'TOTAL', 'count': 73080, 'amount': 127110494.0}}, {'entityName': 'kerala', 'metric': {'type': 'TOTAL', 'count': 62377, 'amount': 101786828.0}}, {'entityName': 'west bengal', 'metric': {'type': 'TOTAL', 'count': 56833, 'amount': 77461732.0}}, {'entityName': 'telangana', 'metric': {'type': 'TOTAL', 'count': 54508, 'amount': 82678207.0}}, {'entityName': 'delhi', 'metric': {'type': 'TOTAL', 'count': 45821, 'amount': 61040038.0}}, {'entityName': 'haryana', 'metric': {'type': 'TOTAL', 'count': 37287, 'amount': 61127193.99999999}}, {'entityName': 'andhra pradesh', 'metric': {'type': 'TOTAL', 'count': 34920, 'amount': 51963355.0}}]",1692619156594
True,SUCCESS,"[{'entityName': 'bengaluru urban', 'metric': {'type': 'TOTAL', 'count': 75238, 'amount': 103829029.99999999}}, {'entityName': 'pune', 'metric': {'type': 'TOTAL', 'count': 24852, 'amount': 37388150.0}}, {'entityName': 'chennai', 'metric': {'type': 'TOTAL', 'count': 20140, 'amount': 20511279.0}}, {'entityName': 'thane', 'metric': {'type': 'TOTAL', 'count': 18419, 'amount': 23430698.0}}, {'entityName': 'mumbai suburban', 'metric': {'type': 'TOTAL', 'count': 14976, 'amount': 17928673.0}}, {'entityName': 'rangareddy', 'metric': {'type': 'TOTAL', 'count': 13622, 'amount': 21152107.0}}, {'entityName': 'thiruvallur', 'metric': {'type': 'TOTAL', 'count': 11786, 'amount': 13822733.0}}, {'entityName': 'medchal malkajgiri', 'metric': {'type': 'TOTAL', 'count': 11454, 'amount': 16935012.0}}, {'entityName': 'north twenty four parganas', 'metric': {'type': 'TOTAL', 'count': 11211, 'amount': 15232572.0}}, {'entityName': 'ernakulam', 'metric': {'type': 'TOTAL', 'count': 11073, 'amount': 17476805.999999996}}]",1692619156594
True,SUCCESS,"[{'entityName': '560068', 'metric': {'type': 'TOTAL', 'count': 3214, 'amount': 4091377.0}}, {'entityName': '560043', 'metric': {'type': 'TOTAL', 'count': 2365, 'amount': 3356228.0}}, {'entityName': '560076', 'metric': {'type': 'TOTAL', 'count': 2282, 'amount': 3399622.0}}, {'entityName': '560037', 'metric': {'type': 'TOTAL', 'count': 2272, 'amount': 3261324.0}}, {'entityName': '500072', 'metric': {'type': 'TOTAL', 'count': 2244, 'amount': 3175666.0}}, {'entityName': '201301', 'metric': {'type': 'TOTAL', 'count': 2080, 'amount': 2580701.0}}, {'entityName': '560078', 'metric': {'type': 'TOTAL', 'count': 2018, 'amount': 2904918.0}}, {'entityName': '122001', 'metric': {'type': 'TOTAL', 'count': 2018, 'amount': 2513445.0}}, {'entityName': '560058', 'metric': {'type': 'TOTAL', 'count': 1931, 'amount': 2145047.0}}, {'entityName': '411057', 'metric': {'type': 'TOTAL', 'count': 1914, 'amount': 2708878.0}}]",1692619156594
True,SUCCESS,"[{'entityName': 'karnataka', 'metric': {'type': 'TOTAL', 'count': 117232, 'amount': 175704013.0}}, {'entityName': 'maharashtra', 'metric': {'type': 'TOTAL', 'count': 102754, 'amount': 157303399.0}}, {'entityName': 'tamil nadu', 'metric': {'type': 'TOTAL', 'count': 79698, 'amount': 105328191.0}}, {'entityName': 'uttar pradesh', 'metric': {'type': 'TOTAL', 'count': 74194, 'amount': 122522457.0}}, {'entityName': 'kerala', 'metric': {'type': 'TOTAL', 'count': 61032, 'amount': 100620603.99999999}}, {'entityName': 'telangana', 'metric': {'type': 'TOTAL', 'count': 55118, 'amount': 79238968.0}}, {'entityName': 'west bengal', 'metric': {'type': 'TOTAL', 'count': 49792, 'amount': 65204280.0}}, {'entityName': 'delhi', 'metric': {'type': 'TOTAL', 'count': 41358, 'amount': 54951108.0}}, {'entityName': 'haryana', 'metric': {'type': 'TOTAL', 'count': 40710, 'amount': 62186066.0}}, {'entityName': 'rajasthan', 'metric': {'type': 'TOTAL', 'count': 37170, 'amount': 61301449.0}}]",1692619338756
True,SUCCESS,"[{'entityName': 'bengaluru urban', 'metric': {'type': 'TOTAL', 'count': 69812, 'amount': 99096628.0}}, {'entityName': 'pune', 'metric': {'type': 'TOTAL', 'count': 25943, 'amount': 39373541.0}}, {'entityName': 'chennai', 'metric': {'type': 'TOTAL', 'count': 15678, 'amount': 16453783.0}}, {'entityName': 'thane', 'metric': {'type': 'TOTAL', 'count': 15403, 'amount': 20442020.0}}, {'entityName': 'rangareddy', 'metric': {'type': 'TOTAL', 'count': 13998, 'amount': 20753771.0}}, {'entityName': 'mumbai suburban', 'metric': {'type': 'TOTAL', 'count': 12717, 'amount': 15575502.000000002}}, {'entityName': 'medchal malkajgiri', 'metric': {'type': 'TOTAL', 'count': 11833, 'amount': 17077694.0}}, {'entityName': 'gurugram', 'metric': {'type': 'TOTAL', 'count': 11759, 'amount': 15891256.999999998}}, {'entityName': 'jaipur', 'metric': {'type': 'TOTAL', 'count': 11344, 'amount': 16436901.0}}, {'entityName': 'thiruvallur', 'metric': {'type': 'TOTAL', 'count': 10840, 'amount': 12569262.000000002}}]",1692619338756
True,SUCCESS,"[{'entityName': '560068', 'metric': {'type': 'TOTAL', 'count': 3141, 'amount': 3959944.0}}, {'entityName': '560037', 'metric': {'type': 'TOTAL', 'count': 2575, 'amount': 3376141.0}}, {'entityName': '500072', 'metric': {'type': 'TOTAL', 'count': 2534, 'amount': 3686902.0}}, {'entityName': '560076', 'metric': {'type': 'TOTAL', 'count': 2184, 'amount': 3330509.0}}, {'entityName': '122001', 'metric': {'type': 'TOTAL', 'count': 2154, 'amount': 2955207.0}}, {'entityName': '560043', 'metric': {'type': 'TOTAL', 'count': 2126, 'amount': 3158190.0}}, {'entityName': '560078', 'metric': {'type': 'TOTAL', 'count': 2051, 'amount': 2883618.0}}, {'entityName': '201301', 'metric': {'type': 'TOTAL', 'count': 1992, 'amount': 2418828.0}}, {'entityName': '411057', 'metric': {'type': 'TOTAL', 'count': 1944, 'amount': 2581267.0}}, {'entityName': '560100', 'metric': {'type': 'TOTAL', 'count': 1843, 'amount': 2510992.0}}]",1692619338756
True,SUCCESS,"[{'entityName': 'karnataka', 'metric': {'type': 'TOTAL', 'count': 139699, 'amount': 199448538.0}}, {'entityName': 'maharashtra', 'metric': {'type': 'TOTAL', 'count': 104872, 'amount': 151171882.0}}, {'entityName': 'tamil nadu', 'metric': {'type': 'TOTAL', 'count': 91069, 'amount': 114625592.99999999}}, {'entityName': 'uttar pradesh', 'metric': {'type': 'TOTAL', 'count': 78940, 'amount': 121483170.0}}, {'entityName': 'kerala', 'metric': {'type': 'TOTAL', 'count': 66059, 'amount': 110021582.0}}, {'entityName': 'telangana', 'metric': {'type': 'TOTAL', 'count': 61523, 'amount': 84397465.0}}, {'entityName': 'west bengal', 'metric': {'type': 'TOTAL', 'count': 58131, 'amount': 76359312.0}}, {'entityName': 'gujarat', 'metric': {'type': 'TOTAL', 'count': 51049, 'amount': 65768085.0}}, {'entityName': 'delhi', 'metric': {'type': 'TOTAL', 'count': 47113, 'amount': 58878500.0}}, {'entityName': 'andhra pradesh', 'metric': {'type': 'TOTAL', 'count': 43150, 'amount': 57802396.0}}]",1697612170585
True,SUCCESS,"[{'entityName': 'bengaluru urban', 'metric': {'type': 'TOTAL', 'count': 81520, 'amount': 109497225.00000001}}, {'entityName': 'pune', 'metric': {'type': 'TOTAL', 'count': 25053, 'amount': 36210265.0}}, {'entityName': 'chennai', 'metric': {'type': 'TOTAL', 'count': 17189, 'amount': 16904783.0}}, {'entityName': 'rangareddy', 'metric': {'type': 'TOTAL', 'count': 16236, 'amount': 23374057.0}}, {'entityName': 'thane', 'metric': {'type': 'TOTAL', 'count': 14544, 'amount': 18428928.0}}, {'entityName': 'ahmadabad', 'metric': {'type': 'TOTAL', 'count': 13645, 'amount': 16204152.0}}, {'entityName': 'gurugram', 'metric': {'type': 'TOTAL', 'count': 13467, 'amount': 16796070.0}}, {'entityName': 'surat', 'metric': {'type': 'TOTAL', 'count': 13306, 'amount': 13249715.0}}, {'entityName': 'medchal malkajgiri', 'metric': {'type': 'TOTAL', 'count': 13044, 'amount': 17698951.0}}, {'entityName': 'mumbai suburban', 'metric': {'type': 'TOTAL', 'count': 12754, 'amount': 14762376.0}}]",1697612170585
True,SUCCESS,"[{'entityName': '560068', 'metric': {'type': 'TOTAL', 'count': 3688, 'amount': 4646310.0}}, {'entityName': '560037', 'metric': {'type': 'TOTAL', 'count': 2892, 'amount': 3957250.0}}, {'entityName': '500072', 'metric': {'type': 'TOTAL', 'count': 2646, 'amount': 3365765.0}}, {'entityName': '560076', 'metric': {'type': 'TOTAL', 'count': 2534, 'amount': 3590807.0}}, {'entityName': '122001', 'metric': {'type': 'TOTAL', 'count': 2457, 'amount': 3051171.0}}, {'entityName': '560043', 'metric': {'type': 'TOTAL', 'count': 2443, 'amount': 3288213.0}}, {'entityName': '560078', 'metric': {'type': 'TOTAL', 'count': 2402, 'amount': 3244684.0}}, {'entityName': '201301', 'metric': {'type': 'TOTAL', 'count': 2320, 'amount': 2626339.0}}, {'entityName': '560100', 'metric': {'type': 'TOTAL', 'count': 2147, 'amount': 2864673.0}}, {'entityName': '411057', 'metric': {'type': 'TOTAL', 'count': 2098, 'amount': 2821693.0}}]",1697612170585
True,SUCCESS,"[{'entityName': 'karnataka', 'metric': {'type': 'TOTAL', 'count': 156076, 'amount': 248056310.99999997}}, {'entityName': 'maharashtra', 'metric': {'type': 'TOTAL', 'count': 136968, 'amount': 217657114.0}}, {'entityName': 'tamil nadu', 'metric': {'type': 'TOTAL', 'count': 104871, 'amount': 139433796.0}}, {'entityName': 'uttar pradesh', 'metric': {'type': 'TOTAL', 'count': 92125, 'amount': 165509877.0}}, {'entityName': 'kerala', 'metric': {'type': 'TOTAL', 'count': 73543, 'amount': 121905046.0}}, {'entityName': 'west bengal', 'metric': {'type': 'TOTAL', 'count': 72712, 'amount': 100365562.0}}, {'entityName': 'telangana', 'metric': {'type': 'TOTAL', 'count': 63993, 'amount': 105605522.0}}, {'entityName': 'delhi', 'metric': {'type': 'TOTAL', 'count': 56336, 'amount': 77332401.0}}, {'entityName': 'rajasthan', 'metric': {'type': 'TOTAL', 'count': 49741, 'amount': 94701652.0}}, {'entityName': 'haryana', 'metric': {'type': 'TOTAL', 'count': 47506, 'amount': 80747159.0}}]",1706092828874
True,SUCCESS,"[{'entityName': 'bengaluru urban', 'metric': {'type': 'TOTAL', 'count': 88349, 'amount': 133137089.00000001}}, {'entityName': 'pune', 'metric': {'type': 'TOTAL', 'count': 30243, 'amount': 50492209.0}}, {'entityName': 'thane', 'metric': {'type': 'TOTAL', 'count': 21339, 'amount': 28481783.0}}, {'entityName': 'mumbai suburban', 'metric': {'type': 'TOTAL', 'count': 18186, 'amount': 22723247.0}}, {'entityName': 'chennai', 'metric': {'type': 'TOTAL', 'count': 18144, 'amount': 19953865.0}}, {'entityName': 'rangareddy', 'metric': {'type': 'TOTAL', 'count': 16541, 'amount': 29175361.0}}, {'entityName': 'jaipur', 'metric': {'type': 'TOTAL', 'count': 14759, 'amount': 25167653.0}}, {'entityName': 'gurugram', 'metric': {'type': 'TOTAL', 'count': 14118, 'amount': 20950373.0}}, {'entityName': 'north twenty four parganas', 'metric': {'type': 'TOTAL', 'count': 13483, 'amount': 19211808.0}}, {'entityName': 'ernakulam', 'metric': {'type': 'TOTAL', 'count': 13336, 'amount': 21283249.0}}]",1706092828874
True,SUCCESS,"[{'entityName': '560068', 'metric': {'type': 'TOTAL', 'count': 3947, 'amount': 5606578.0}}, {'entityName': '560037', 'metric': {'type': 'TOTAL', 'count': 2973, 'amount': 4120542.0}}, {'entityName': '560043', 'metric': {'type': 'TOTAL', 'count': 2809, 'amount': 4454698.0}}, {'entityName': '560076', 'metric': {'type': 'TOTAL', 'count': 2591, 'amount': 4025991.0}}, {'entityName': '411057', 'metric': {'type': 'TOTAL', 'count': 2574, 'amount': 4010497.0}}, {'entityName': '500072', 'metric': {'type': 'TOTAL', 'count': 2539, 'amount': 4276139.0}}, {'entityName': '201301', 'metric': {'type': 'TOTAL', 'count': 2521, 'amount': 3339961.0}}, {'entityName': '560078', 'metric': {'type': 'TOTAL', 'count': 2515, 'amount': 3710977.0}}, {'entityName': '122001', 'metric': {'type': 'TOTAL', 'count': 2474, 'amount': 3601541.0}}, {'entityName': '110059', 'metric': {'type': 'TOTAL', 'count': 2330, 'amount': 3163916.0}}]",1706092828874
True,SUCCESS,"[{'entityName': 'karnataka', 'metric': {'type': 'TOTAL', 'count': 169357, 'amount': 264708700.0}}, {'entityName': 'maharashtra', 'metric': {'type': 'TOTAL', 'count': 149016, 'amount': 224725389.0}}, {'entityName': 'tamil nadu', 'metric': {'type': 'TOTAL', 'count': 111521, 'amount': 148976175.0}}, {'entityName': 'uttar pradesh', 'metric': {'type': 'TOTAL', 'count': 103701, 'amount': 176442664.0}}, {'entityName': 'west bengal', 'metric': {'type': 'TOTAL', 'count': 79576, 'amount': 104987908.99999999}}, {'entityName': 'kerala', 'metric': {'type': 'TOTAL', 'count': 73106, 'amount': 115101791.0}}, {'entityName': 'telangana', 'metric': {'type': 'TOTAL', 'count': 67388, 'amount': 105607539.0}}, {'entityName': 'rajasthan', 'metric': {'type': 'TOTAL', 'count': 59127, 'amount': 102926410.0}}, {'entityName': 'delhi', 'metric': {'type': 'TOTAL', 'count': 53050, 'amount': 76232346.0}}, {'entityName': 'bihar', 'metric': {'type': 'TOTAL', 'count': 51592, 'amount': 63844442.0}}]",1714727715291
True,SUCCESS,"[{'entityName': 'bengaluru urban', 'metric': {'type': 'TOTAL', 'count': 90180, 'amount': 142519454.0}}, {'entityName': 'pune', 'metric': {'type': 'TOTAL', 'count': 31744, 'amount': 51048763.0}}, {'entityName': 'chennai', 'metric': {'type': 'TOTAL', 'count': 20315, 'amount': 23283126.0}}, {'entityName': 'thane', 'metric': {'type': 'TOTAL', 'count': 20270, 'amount': 27149286.999999996}}, {'entityName': 'mumbai suburban', 'metric': {'type': 'TOTAL', 'count': 17918, 'amount': 22557721.0}}, {'entityName': 'rangareddy', 'metric': {'type': 'TOTAL', 'count': 16320, 'amount': 28043766.999999996}}, {'entityName': 'jaipur', 'metric': {'type': 'TOTAL', 'count': 15526, 'amount': 26905546.0}}, {'entityName': 'gurugram', 'metric': {'type': 'TOTAL', 'count': 14505, 'amount': 21783690.0}}, {'entityName': 'north twenty four parganas', 'metric': {'type': 'TOTAL', 'count': 14070, 'amount': 19836922.0}}, {'entityName': 'thiruvallur', 'metric': {'type': 'TOTAL', 'count': 13891, 'amount': 17283816.0}}]",1714727715291
True,SUCCESS,"[{'entityName': '560068', 'metric': {'type': 'TOTAL', 'count': 3871, 'amount': 5672343.0}}, {'entityName': '560076', 'metric': {'type': 'TOTAL', 'count': 2776, 'amount': 4596888.0}}, {'entityName': '560037', 'metric': {'type': 'TOTAL', 'count': 2685, 'amount': 3989582.0}}, {'entityName': '560043', 'metric': {'type': 'TOTAL', 'count': 2655, 'amount': 4698522.0}}, {'entityName': '560078', 'metric': {'type': 'TOTAL', 'count': 2621, 'amount': 4342390.0}}, {'entityName': '122001', 'metric': {'type': 'TOTAL', 'count': 2542, 'amount': 3582671.0}}, {'entityName': '201301', 'metric': {'type': 'TOTAL', 'count': 2451, 'amount': 3288770.0}}, {'entityName': '411057', 'metric': {'type': 'TOTAL', 'count': 2366, 'amount': 3619740.0}}, {'entityName': '500072', 'metric': {'type': 'TOTAL', 'count': 2338, 'amount': 3847111.0}}, {'entityName': '560100', 'metric': {'type': 'TOTAL', 'count': 2288, 'amount': 3663878.0}}]",1714727715291
True,SUCCESS,"[{'entityName': 'karnataka', 'metric': {'type': 'TOTAL', 'count': 142599, 'amount': 239304982.0}}, {'entityName': 'maharashtra', 'metric': {'type': 'TOTAL', 'count': 118933, 'amount': 198945046.0}}, {'entityName': 'tamil nadu', 'metric': {'type': 'TOTAL', 'count': 97348, 'amount': 135972378.0}}, {'entityName': 'uttar pradesh', 'metric': {'type': 'TOTAL', 'count': 92458, 'amount': 159894258.0}}, {'entityName': 'west bengal', 'metric': {'type': 'TOTAL', 'count': 67048, 'amount': 89476633.0}}, {'entityName': 'kerala', 'metric': {'type': 'TOTAL', 'count': 65271, 'amount': 108142369.0}}, {'entityName': 'telangana', 'metric': {'type': 'TOTAL', 'count': 56941, 'amount': 96037304.0}}, {'entityName': 'rajasthan', 'metric': {'type': 'TOTAL', 'count': 55241, 'amount': 95504657.0}}, {'entityName': 'bihar', 'metric': {'type': 'TOTAL', 'count': 49101, 'amount': 65285065.0}}, {'entityName': 'delhi', 'metric': {'type': 'TOTAL', 'count': 46189, 'amount': 68046072.0}}]",1722517838481
True,SUCCESS,"[{'entityName': 'bengaluru urban', 'metric': {'type': 'TOTAL', 'count': 74985, 'amount': 126101324.0}}, {'entityName': 'pune', 'metric': {'type': 'TOTAL', 'count': 26444, 'amount': 46956580.0}}, {'entityName': 'chennai', 'metric': {'type': 'TOTAL', 'count': 18043, 'amount': 21201607.0}}, {'entityName': 'jaipur', 'metric': {'type': 'TOTAL', 'count': 15812, 'amount': 26736985.0}}, {'entityName': 'thane', 'metric': {'type': 'TOTAL', 'count': 15340, 'amount': 22859227.0}}, {'entityName': 'rangareddy', 'metric': {'type': 'TOTAL', 'count': 14737, 'amount': 27179956.0}}, {'entityName': 'mumbai suburban', 'metric': {'type': 'TOTAL', 'count': 14014, 'amount': 18993290.0}}, {'entityName': 'gurugram', 'metric': {'type': 'TOTAL', 'count': 12964, 'amount': 18926670.0}}, {'entityName': 'north twenty four parganas', 'metric': {'type': 'TOTAL', 'count': 12366, 'amount': 17517949.0}}, {'entityName': 'thiruvallur', 'metric': {'type': 'TOTAL', 'count': 12220, 'amount': 16133783.0}}]",1722517838481
True,SUCCESS,"[{'entityName': '560068', 'metric': {'type': 'TOTAL', 'count': 3282, 'amount': 5271425.0}}, {'entityName': '560037', 'metric': {'type': 'TOTAL', 'count': 2469, 'amount': 4089538.0}}, {'entityName': '122001', 'metric': {'type': 'TOTAL', 'count': 2356, 'amount': 3374341.0}}, {'entityName': '560076', 'metric': {'type': 'TOTAL', 'count': 2238, 'amount': 3928312.0}}, {'entityName': '560043', 'metric': {'type': 'TOTAL', 'count': 2235, 'amount': 3997393.0}}, {'entityName': '560078', 'metric': {'type': 'TOTAL', 'count': 2193, 'amount': 3581757.0}}, {'entityName': '201301', 'metric': {'type': 'TOTAL', 'count': 2172, 'amount': 3036110.0}}, {'entityName': '411057', 'metric': {'type': 'TOTAL', 'count': 2103, 'amount': 3395840.0}}, {'entityName': '500072', 'metric': {'type': 'TOTAL', 'count': 1966, 'amount': 3066397.0}}, {'entityName': '560100', 'metric': {'type': 'TOTAL', 'count': 1961, 'amount': 3095214.0}}]",1722517838481
True,SUCCESS,"[{'entityName': 'karnataka', 'metric': {'type': 'TOTAL', 'count': 174990, 'amount': 287393291.0}}, {'entityName': 'maharashtra', 'metric': {'type': 'TOTAL', 'count': 119776, 'amount': 201319952.0}}, {'entityName': 'tamil nadu', 'metric': {'type': 'TOTAL', 'count': 116867, 'amount': 162128271.0}}, {'entityName': 'uttar pradesh', 'metric': {'type': 'TOTAL', 'count': 92930, 'amount': 157303596.0}}, {'entityName': 'kerala', 'metric': {'type': 'TOTAL', 'count': 79123, 'amount': 131721698.99999999}}, {'entityName': 'west bengal', 'metric': {'type': 'TOTAL', 'count': 77158, 'amount': 107451766.0}}, {'entityName': 'telangana', 'metric': {'type': 'TOTAL', 'count': 64873, 'amount': 110715264.0}}, {'entityName': 'rajasthan', 'metric': {'type': 'TOTAL', 'count': 64533, 'amount': 108827800.00000001}}, {'entityName': 'haryana', 'metric': {'type': 'TOTAL', 'count': 49735, 'amount': 79198642.0}}, {'entityName': 'delhi', 'metric': {'type': 'TOTAL', 'count': 49150, 'amount': 71139489.0}}]",1739974365724
True,SUCCESS,"[{'entityName': 'bengaluru urban', 'metric': {'type': 'TOTAL', 'count': 96935, 'amount': 156230238.0}}, {'entityName': 'chennai', 'metric': {'type': 'TOTAL', 'count': 35114, 'amount': 42146763.0}}, {'entityName': 'pune', 'metric': {'type': 'TOTAL', 'count': 26286, 'amount': 46687497.99999999}}, {'entityName': 'jaipur', 'metric': {'type': 'TOTAL', 'count': 15969, 'amount': 25033274.0}}, {'entityName': 'rangareddy', 'metric': {'type': 'TOTAL', 'count': 15791, 'amount': 29402130.0}}, {'entityName': 'thane', 'metric': {'type': 'TOTAL', 'count': 15453, 'amount': 22511361.0}}, {'entityName': 'gurugram', 'metric': {'type': 'TOTAL', 'count': 14956, 'amount': 21502434.0}}, {'entityName': 'north twenty four parganas', 'metric': {'type': 'TOTAL', 'count': 14047, 'amount': 20510126.999999996}}, {'entityName': 'ernakulam', 'metric': {'type': 'TOTAL', 'count': 14031, 'amount': 23407883.0}}, {'entityName': 'medchal malkajgiri', 'metric': {'type': 'TOTAL', 'count': 13882, 'amount': 23616761.0}}]",1739974365724
True,SUCCESS,"[{'entityName': '560068', 'metric': {'type': 'TOTAL', 'count': 3453, 'amount': 5413163.0}}, {'entityName': '560100', 'metric': {'type': 'TOTAL', 'count': 3241, 'amount': 5455946.0}}, {'entityName': '560037', 'metric': {'type': 'TOTAL', 'count': 2876, 'amount': 4315416.0}}, {'entityName': '560066', 'metric': {'type': 'TOTAL', 'count': 2654, 'amount': 4668286.0}}, {'entityName': '560076', 'metric': {'type': 'TOTAL', 'count': 2402, 'amount': 4241341.0}}, {'entityName': '201301', 'metric': {'type': 'TOTAL', 'count': 2329, 'amount': 3345795.0}}, {'entityName': '500072', 'metric': {'type': 'TOTAL', 'count': 2327, 'amount': 3766931.0}}, {'entityName': '560091', 'metric': {'type': 'TOTAL', 'count': 2326, 'amount': 3714785.0}}, {'entityName': '122001', 'metric': {'type': 'TOTAL', 'count': 2270, 'amount': 3090606.0}}, {'entityName': '560103', 'metric': {'type': 'TOTAL', 'count': 2228, 'amount': 3764086.0}}]",1739974365724
True,SUCCESS,"[{'entityName': 'karnataka', 'metric': {'type': 'TOTAL', 'count': 183532, 'amount': 305861806.0}}, {'entityName': 'maharashtra', 'metric': {'type': 'TOTAL', 'count': 168078, 'amount': 266942711.0}}, {'entityName': 'tamil nadu', 'metric': {'type': 'TOTAL', 'count': 127002, 'amount': 173784251.0}}, {'entityName': 'uttar pradesh', 'metric': {'type': 'TOTAL', 'count': 116589, 'amount': 199179867.0}}, {'entityName': 'west bengal', 'metric': {'type': 'TOTAL', 'count': 91719, 'amount': 120602777.0}}, {'entityName': 'kerala', 'metric': {'type': 'TOTAL', 'count': 89533, 'amount': 144083113.0}}, {'entityName': 'telangana', 'metric': {'type': 'TOTAL', 'count': 78498, 'amount': 124755619.0}}, {'entityName': 'rajasthan', 'metric': {'type': 'TOTAL', 'count': 73530, 'amount': 127930986.00000001}}, {'entityName': 'delhi', 'metric': {'type': 'TOTAL', 'count': 67962, 'amount': 94390728.0}}, {'entityName': 'bihar', 'metric': {'type': 'TOTAL', 'count': 62662, 'amount': 83739800.0}}]",1739974587723
True,SUCCESS,"[{'entityName': 'bengaluru urban', 'metric': {'type': 'TOTAL', 'count': 95390, 'amount': 159224823.0}}, {'entityName': 'chennai', 'metric': {'type': 'TOTAL', 'count': 35408, 'amount': 43569170.0}}, {'entityName': 'pune', 'metric': {'type': 'TOTAL', 'count': 35259, 'amount': 60734341.0}}, {'entityName': 'thane', 'metric': {'type': 'TOTAL', 'count': 23491, 'amount': 31407984.0}}, {'entityName': 'mumbai suburban', 'metric': {'type': 'TOTAL', 'count': 19612, 'amount': 25682802.000000004}}, {'entityName': 'rangareddy', 'metric': {'type': 'TOTAL', 'count': 18678, 'amount': 32749841.0}}, {'entityName': 'ahmedabad', 'metric': {'type': 'TOTAL', 'count': 18268, 'amount': 25165090.0}}, {'entityName': 'jaipur', 'metric': {'type': 'TOTAL', 'count': 17081, 'amount': 28322938.0}}, {'entityName': 'gurugram', 'metric': {'type': 'TOTAL', 'count': 16973, 'amount': 25145011.999999996}}, {'entityName': 'medchal malkajgiri', 'metric': {'type': 'TOTAL', 'count': 16649, 'amount': 27751989.999999996}}]",1739974587723
True,SUCCESS,"[{'entityName': '560068', 'metric': {'type': 'TOTAL', 'count': 3520, 'amount': 5740577.0}}, {'entityName': '560100', 'metric': {'type': 'TOTAL', 'count': 3152, 'amount': 5158211.0}}, {'entityName': '201301', 'metric': {'type': 'TOTAL', 'count': 2964, 'amount': 4217141.0}}, {'entityName': '110059', 'metric': {'type': 'TOTAL', 'count': 2785, 'amount': 3658733.0}}, {'entityName': '411057', 'metric': {'type': 'TOTAL', 'count': 2775, 'amount': 4649485.0}}, {'entityName': '500072', 'metric': {'type': 'TOTAL', 'count': 2743, 'amount': 4242713.0}}, {'entityName': '560037', 'metric': {'type': 'TOTAL', 'count': 2720, 'amount': 4500835.0}}, {'entityName': '122001', 'metric': {'type': 'TOTAL', 'count': 2604, 'amount': 3793725.0}}, {'entityName': '560066', 'metric': {'type': 'TOTAL', 'count': 2453, 'amount': 4252390.0}}, {'entityName': '500081', 'metric': {'type': 'TOTAL', 'count': 2391, 'amount': 3983642.0}}]",1739974587723
